{   "channel" : {
      "title" : "Undercover Nerd",
      "link" : "https://undercovercast.com",
      "subtitle" : "Take a journey",
      "author" : "Scot",
      "description" : "Hey there! I'm a big boy in a small world; join me and discover.",
      "ownerName" : "Scot",
      "ownerEmail" : "scot@undercovercast.com",
      "excplicit" : "no",
      "image" : "https://undercovercast.com/cover.png",
      "category" : "Society &amp; Culture"
    },
    "item" : [
      {
        "description" : "Welcome to my podcast!",
        "enclosure" : "https://s3.amazonaws.com/uc-nerd-pod/0.mp3",
        "guid" : "https://undercovercast.com/?episode=0",
        "itunesauthor" : "Scot",
        "itunesduration" : "00:02:53",
        "itunesexplicit" : "no",
        "itunessummary" : "Welcome to my podcast!",
        "link" : "https://undercovercast.com/?episode=0",
        "pubDate" : "Fri, 11 Jan 2019 08:00:00 +0000",
        "title" : "Teaser"
      },
      {
        "description" : "Welcome to the first episode of Undercover Nerd! In this episode I talk about sorting ourselves into groups, and what makes it so difficult to change our minds on issues.<br />Shoot me an email at <a href='mailto:scot@undercovercast.com'>scot@undercovercast.com</a> with your comments and questions!<br />Here are the links to the articles I mentioned: <br /> <a href='https://www.newyorker.com/magazine/2017/02/27/why-facts-dont-change-our-minds'>Elizabeth Kolbert's article for the New Yorker</a><br /><a href='https://www.vox.com/science-and-health/2016/12/28/14088992/brain-study-change-minds'>Brian Resnick's article for Vox</a> <a href='https://www.nytimes.com/2017/05/27/opinion/sunday/youre-not-going-to-change-your-mind.html'>An article in the New York Times I used as reference material.</a><br /> Enjoy the show!",
        "enclosure" : "https://s3.amazonaws.com/uc-nerd-pod/1.mp3",
        "guid" : "https://undercovercast.com/?episode=1",
        "itunesauthor" : "Scot",
        "itunesduration" : "00:21:35",
        "itunesexplicit" : "no",
        "itunessummary" : "Welcome to my podcast!",
        "link" : "https://undercovercast.com/?episode=1",
        "pubDate" : "Mon, 18 Feb 2019 08:00:00 +0000",
        "title" : "Try to Change My Mind"
      }
    ]
  }